[
  {
    "_id": "8cc09f33-fef6-4114-b264-43b7939f0a3c",
    "name": "thông xe"
  },
  {
    "_id": "e13b0f92-62b1-45a1-843c-365a4172c45b",
    "name": "đám cưới"
  },
  {
    "_id": "23f5193c-2f61-4a7b-9212-d5ed33df9f26",
    "name": "USD"
  },
  {
    "_id": "1a46b769-b84a-4826-8e02-ec5c3e502f2f",
    "name": "P/E"
  },
  {
    "_id": "07e9a11f-43c5-48ff-9d66-8f83e98eb33e",
    "name": "V-GREEN"
  },
  {
    "_id": "5d14e97a-5021-49d5-8125-cc2b5cf774cf",
    "name": "Nadal"
  },
  {
    "_id": "3cbe6d78-59b3-4b8a-87f5-b07d8f9173e8",
    "name": "yêu cầu nhóm yếu học thêm"
  },
  {
    "_id": "e78291ba-b0d9-4952-8224-c8e96e4cfcf6",
    "name": "video"
  },
  {
    "_id": "9fa0d987-b0c8-4c53-b1c7-36b12c5b2d3e",
    "name": "bố đơn thân"
  },
  {
    "_id": "1cc41064-0d3a-4ee8-9fae-8be8a9de80c7",
    "name": "con trai"
  },
  {
    "_id": "f57d5cba-3884-4e64-9456-3e36ea4a09cb",
    "name": "Chứng khoán"
  },
  {
    "_id": "c3d4956f-c832-41d6-b9c4-8af5ec4c7cc2",
    "name": "cổ phiếu"
  },
  {
    "_id": "a3d2b492-c746-4c6d-85c3-bf04a9ad3b58",
    "name": "Minh Hằng"
  },
  {
    "_id": "4af15484-bf60-44d2-b3b3-4926c58b9fc6",
    "name": "tour giá cao"
  },
  {
    "_id": "8fa5d4c2-1b36-40db-bb04-54f6a99d48b9",
    "name": "Người đàn ông"
  },
  {
    "_id": "e87cfcf5-bcb3-4d85-b47d-1b24743a3fc5",
    "name": "tại đây"
  },
  {
    "_id": "f9c8b4da-8c1f-42fc-b0d6-73f5e547845d",
    "name": "mua bán, cho thuê ôtô điện"
  },
  {
    "_id": "df50b5fa-2c5e-4c0d-b7f8-9b639f6d2cc4",
    "name": "dạy lái ôtô điện"
  },
  {
    "_id": "ead5b6fc-7a5b-4ff6-b5d3-9c64c8f6baf7",
    "name": "VN-Index"
  },
  {
    "_id": "9c3b9a5f-74fb-4f8c-a6e3-ec5a9f745dce",
    "name": "khép lại sự nghiệp"
  },
  {
    "_id": "f8d95c3f-846a-4a9d-9b5c-f84c8d5fae34",
    "name": "vũ khí chính xác cao"
  }
]